Order_ID,Order_Date,Customer_Name,Region,Product_Category,Product_Name,Quantity,Unit_Price,Discount,Sales,Profit
ORD0001,2023-04-13,Customer_87,East,Office Supplies,Paper,8,198,0.2,1267.2,176.35
ORD0002,2023-05-30,Customer_88,West,Office Supplies,Marker,4,113,0.1,406.8,24.93
ORD0003,2023-11-10,Customer_89,North,Furniture,Desk,5,1284,0.15,5457.0,845.57
ORD0004,2023-11-16,Customer_51,East,Office Supplies,Stapler,3,117,0.15,298.35,42.77
ORD0005,2023-03-30,Customer_9,South,Electronics,Laptop,7,1397,0.15,8312.15,2020.9
ORD0006,2023-09-21,Customer_78,North,Electronics,Headphones,4,191,0.15,649.4,36.94
ORD0007,2023-09-17,Customer_63,South,Furniture,Sofa,2,1121,0.05,2129.9,185.24
ORD0008,2023-09-27,Customer_15,West,Furniture,Sofa,2,301,0.15,511.7,100.01
ORD0009,2023-07-27,Customer_53,West,Furniture,Sofa,9,1825,0.2,13140.0,2620.96
ORD0010,2023-03-06,Customer_9,West,Furniture,Office Chair,9,1280,0.2,9216.0,489.62
ORD0011,2023-03-22,Customer_35,North,Electronics,Monitor,8,1595,0.1,11484.0,2208.01
ORD0012,2023-05-15,Customer_12,South,Office Supplies,Marker,7,50,0.15,297.5,65.45
ORD0013,2023-02-04,Customer_47,South,Electronics,Keyboard,3,783,0.1,2114.1,305.37
ORD0014,2023-07-26,Customer_42,West,Office Supplies,Pen,5,151,0.1,679.5,92.08
ORD0015,2023-04-06,Customer_23,East,Electronics,Smartphone,7,1364,0.15,8115.8,1534.72
ORD0016,2023-08-31,Customer_66,South,Electronics,Smartphone,4,624,0.1,2246.4,184.75
ORD0017,2023-01-28,Customer_84,South,Electronics,Laptop,5,745,0.15,3166.25,296.64
ORD0018,2023-08-19,Customer_1,North,Furniture,Bookshelf,7,1471,0.0,10297.0,2382.37
ORD0019,2023-05-17,Customer_97,East,Office Supplies,Pen,4,12,0.1,43.2,6.35
ORD0020,2023-06-29,Customer_58,West,Furniture,Sofa,8,1950,0.0,15600.0,1914.52
ORD0021,2023-04-23,Customer_59,North,Furniture,Desk,3,1236,0.2,2966.4,740.26
ORD0022,2023-08-12,Customer_19,South,Furniture,Desk,6,954,0.2,4579.2,1060.79
ORD0023,2023-07-22,Customer_17,East,Furniture,Table,6,1539,0.15,7848.9,972.72
ORD0024,2023-08-28,Customer_73,West,Furniture,Table,4,1733,0.1,6238.8,1308.08
ORD0025,2023-12-12,Customer_19,West,Office Supplies,Marker,3,157,0.15,400.35,61.02
ORD0026,2023-12-26,Customer_92,North,Office Supplies,Paper,9,170,0.05,1453.5,112.65
ORD0027,2023-04-09,Customer_16,South,Electronics,Headphones,7,1538,0.05,10227.7,978.89
ORD0028,2023-10-31,Customer_69,North,Electronics,Monitor,1,101,0.0,101.0,24.55
ORD0029,2023-10-31,Customer_20,West,Office Supplies,Pen,9,108,0.1,874.8,191.87
ORD0030,2023-04-23,Customer_38,West,Furniture,Office Chair,8,727,0.1,5234.4,430.93
ORD0031,2023-12-15,Customer_82,South,Furniture,Bookshelf,9,198,0.0,1782.0,190.29
ORD0032,2023-10-16,Customer_48,West,Furniture,Bookshelf,9,260,0.15,1989.0,295.92
ORD0033,2023-06-25,Customer_86,East,Office Supplies,Stapler,1,137,0.0,137.0,9.42
ORD0034,2023-01-27,Customer_30,North,Furniture,Table,3,537,0.1,1449.9,302.97
ORD0035,2023-01-04,Customer_49,West,Office Supplies,Pen,5,70,0.1,315.0,17.28
ORD0036,2023-08-21,Customer_93,North,Electronics,Monitor,5,617,0.1,2776.5,668.07
ORD0037,2023-04-26,Customer_85,West,Furniture,Table,3,799,0.0,2397.0,261.01
ORD0038,2023-10-08,Customer_54,South,Office Supplies,Pen,3,137,0.05,390.45,50.34
ORD0039,2023-05-07,Customer_2,South,Office Supplies,Notebook,6,160,0.05,912.0,140.14
ORD0040,2023-06-19,Customer_99,South,Electronics,Laptop,9,1934,0.2,13924.8,2950.28
ORD0041,2023-06-22,Customer_8,West,Electronics,Keyboard,7,1948,0.15,11590.6,1029.88
ORD0042,2023-12-20,Customer_87,East,Furniture,Sofa,3,570,0.15,1453.5,100.0
ORD0043,2023-05-30,Customer_86,North,Furniture,Bookshelf,9,1821,0.2,13111.2,2204.87
ORD0044,2023-03-01,Customer_5,East,Furniture,Bookshelf,5,1092,0.2,4368.0,406.94
ORD0045,2023-11-07,Customer_16,North,Furniture,Table,4,1473,0.1,5302.8,411.87
ORD0046,2023-04-02,Customer_90,North,Furniture,Sofa,3,756,0.1,2041.2,405.81
ORD0047,2023-05-09,Customer_1,East,Furniture,Table,7,1250,0.0,8750.0,740.77
ORD0048,2023-09-29,Customer_64,East,Furniture,Office Chair,8,1360,0.2,8704.0,1334.66
ORD0049,2023-05-24,Customer_86,North,Electronics,Keyboard,7,1199,0.05,7973.35,651.66
ORD0050,2023-04-04,Customer_69,West,Electronics,Monitor,5,1170,0.0,5850.0,1293.39
ORD0051,2023-10-16,Customer_23,South,Furniture,Desk,5,650,0.15,2762.5,394.86
ORD0052,2023-08-11,Customer_19,South,Furniture,Table,4,901,0.15,3063.4,162.55
ORD0053,2023-06-09,Customer_24,West,Electronics,Keyboard,4,1139,0.05,4328.2,1030.31
ORD0054,2023-04-11,Customer_65,North,Furniture,Bookshelf,1,1056,0.1,950.4,166.5
ORD0055,2023-08-30,Customer_81,South,Furniture,Bookshelf,2,1376,0.1,2476.8,462.17
ORD0056,2023-07-15,Customer_75,North,Electronics,Headphones,2,214,0.0,428.0,80.71
ORD0057,2023-12-23,Customer_64,East,Electronics,Keyboard,9,775,0.05,6626.25,1326.06
ORD0058,2023-04-06,Customer_62,West,Electronics,Smartphone,4,1077,0.0,4308.0,509.04
ORD0059,2023-10-06,Customer_30,North,Electronics,Monitor,1,1818,0.2,1454.4,292.2
ORD0060,2023-07-06,Customer_12,North,Electronics,Monitor,9,1465,0.2,10548.0,738.33
ORD0061,2023-07-25,Customer_52,East,Electronics,Smartphone,9,554,0.15,4238.1,785.55
ORD0062,2023-01-25,Customer_85,West,Furniture,Table,5,1222,0.15,5193.5,834.81
ORD0063,2023-02-11,Customer_14,East,Electronics,Laptop,7,208,0.2,1164.8,285.2
ORD0064,2023-08-23,Customer_76,North,Furniture,Table,3,1338,0.2,3211.2,613.87
ORD0065,2023-06-17,Customer_50,East,Furniture,Desk,1,1376,0.2,1100.8,71.06
ORD0066,2023-12-05,Customer_65,South,Furniture,Desk,5,128,0.2,512.0,85.13
ORD0067,2023-10-02,Customer_54,East,Electronics,Laptop,4,1927,0.15,6551.8,1345.93
ORD0068,2023-06-22,Customer_92,South,Office Supplies,Notebook,3,48,0.1,129.6,6.77
ORD0069,2023-01-01,Customer_92,South,Furniture,Sofa,8,928,0.0,7424.0,1382.41
ORD0070,2023-04-27,Customer_44,North,Electronics,Monitor,1,1532,0.0,1532.0,371.73
ORD0071,2023-07-22,Customer_36,East,Electronics,Keyboard,5,179,0.2,716.0,167.42
ORD0072,2023-11-01,Customer_31,North,Office Supplies,Paper,9,155,0.0,1395.0,263.86
ORD0073,2023-11-26,Customer_72,South,Electronics,Smartphone,7,1070,0.15,6366.5,1528.48
ORD0074,2023-11-12,Customer_92,North,Electronics,Headphones,4,189,0.05,718.2,119.75
ORD0075,2023-07-20,Customer_84,North,Electronics,Monitor,6,1058,0.0,6348.0,710.38
ORD0076,2023-09-13,Customer_25,South,Electronics,Keyboard,3,1376,0.05,3921.6,651.9
ORD0077,2023-03-06,Customer_49,East,Furniture,Desk,5,1242,0.0,6210.0,907.12
ORD0078,2023-10-10,Customer_33,South,Electronics,Headphones,9,1977,0.1,16013.7,2623.3
ORD0079,2023-07-16,Customer_3,North,Electronics,Smartphone,1,504,0.15,428.4,107.08
ORD0080,2023-03-24,Customer_78,North,Office Supplies,Marker,5,174,0.05,826.5,82.21
ORD0081,2023-09-17,Customer_32,South,Furniture,Office Chair,3,784,0.2,1881.6,180.12
ORD0082,2023-11-02,Customer_54,West,Office Supplies,Notebook,2,191,0.1,343.8,75.79
ORD0083,2023-12-07,Customer_75,East,Electronics,Smartphone,9,500,0.2,3600.0,640.34
ORD0084,2023-04-08,Customer_79,East,Office Supplies,Paper,2,47,0.05,89.3,15.84
ORD0085,2023-12-01,Customer_51,North,Office Supplies,Notebook,4,175,0.0,700.0,90.52
ORD0086,2023-11-26,Customer_84,West,Electronics,Keyboard,4,237,0.0,948.0,193.19
ORD0087,2023-07-24,Customer_43,West,Electronics,Headphones,6,152,0.05,866.4,79.56
ORD0088,2023-01-08,Customer_4,West,Office Supplies,Stapler,9,160,0.1,1296.0,111.47
ORD0089,2023-06-09,Customer_51,East,Electronics,Smartphone,3,766,0.2,1838.4,155.28
ORD0090,2023-11-13,Customer_70,North,Electronics,Keyboard,2,703,0.05,1335.7,75.28
ORD0091,2023-10-28,Customer_26,North,Electronics,Laptop,2,1201,0.05,2281.9,260.86
ORD0092,2023-11-15,Customer_81,South,Office Supplies,Pen,6,65,0.1,351.0,44.04
ORD0093,2023-07-26,Customer_56,South,Electronics,Laptop,3,1376,0.15,3508.8,552.0
ORD0094,2023-12-31,Customer_59,West,Furniture,Desk,7,177,0.05,1177.05,73.53
ORD0095,2023-10-01,Customer_99,East,Office Supplies,Stapler,7,116,0.15,690.2,96.27
ORD0096,2023-02-08,Customer_86,South,Office Supplies,Pen,7,37,0.05,246.05,28.15
ORD0097,2023-07-31,Customer_10,East,Furniture,Sofa,9,244,0.2,1756.8,254.37
ORD0098,2023-04-21,Customer_8,West,Electronics,Keyboard,2,210,0.15,357.0,70.46
ORD0099,2023-04-11,Customer_26,West,Electronics,Monitor,3,1677,0.0,5031.0,616.88
ORD0100,2023-08-17,Customer_53,South,Furniture,Bookshelf,8,414,0.2,2649.6,627.26
ORD0101,2023-09-04,Customer_31,West,Electronics,Monitor,8,922,0.0,7376.0,444.97
ORD0102,2023-08-08,Customer_79,South,Electronics,Monitor,8,1346,0.05,10229.6,2388.4
ORD0103,2023-07-13,Customer_8,South,Furniture,Office Chair,8,1046,0.0,8368.0,1350.2
ORD0104,2023-04-28,Customer_84,North,Office Supplies,Marker,5,79,0.05,375.25,72.12
ORD0105,2023-05-19,Customer_77,East,Electronics,Monitor,1,189,0.2,151.2,35.74
ORD0106,2023-09-18,Customer_44,South,Office Supplies,Pen,6,187,0.05,1065.9,66.81
ORD0107,2023-11-25,Customer_75,East,Electronics,Headphones,4,420,0.2,1344.0,271.55
ORD0108,2023-08-24,Customer_75,North,Furniture,Bookshelf,1,1704,0.15,1448.4,190.76
ORD0109,2023-10-23,Customer_60,West,Furniture,Sofa,3,1670,0.0,5010.0,973.54
ORD0110,2023-10-13,Customer_37,North,Electronics,Smartphone,9,1352,0.15,10342.8,2223.98
ORD0111,2023-02-11,Customer_40,West,Office Supplies,Stapler,4,98,0.2,313.6,40.29
ORD0112,2023-06-02,Customer_66,South,Office Supplies,Stapler,6,106,0.0,636.0,77.0
ORD0113,2023-06-28,Customer_64,West,Electronics,Smartphone,7,297,0.1,1871.1,218.88
ORD0114,2023-06-06,Customer_97,North,Office Supplies,Marker,1,164,0.15,139.4,11.2
ORD0115,2023-03-27,Customer_5,East,Electronics,Smartphone,7,388,0.15,2308.6,445.13
ORD0116,2023-06-08,Customer_88,West,Furniture,Office Chair,6,905,0.2,4344.0,546.32
ORD0117,2023-02-16,Customer_45,South,Office Supplies,Marker,8,14,0.2,89.6,11.81
ORD0118,2023-10-09,Customer_69,West,Office Supplies,Stapler,3,173,0.15,441.15,44.27
ORD0119,2023-10-29,Customer_90,North,Office Supplies,Notebook,8,47,0.05,357.2,61.79
ORD0120,2023-06-20,Customer_68,North,Furniture,Desk,9,1092,0.15,8353.8,1975.04
ORD0121,2023-02-20,Customer_40,North,Electronics,Headphones,1,703,0.05,667.85,131.76
ORD0122,2023-12-12,Customer_54,East,Furniture,Bookshelf,7,1892,0.2,10595.2,2307.42
ORD0123,2023-05-29,Customer_53,North,Electronics,Laptop,6,666,0.1,3596.4,452.65
ORD0124,2023-10-18,Customer_25,South,Furniture,Sofa,9,216,0.05,1846.8,239.41
ORD0125,2023-01-17,Customer_59,West,Office Supplies,Notebook,7,171,0.1,1077.3,180.35
ORD0126,2023-06-29,Customer_88,North,Office Supplies,Stapler,6,161,0.0,966.0,129.24
ORD0127,2023-02-18,Customer_84,North,Electronics,Keyboard,6,765,0.15,3901.5,334.0
ORD0128,2023-03-04,Customer_49,East,Electronics,Monitor,6,441,0.15,2249.1,560.87
ORD0129,2023-07-30,Customer_30,North,Electronics,Keyboard,7,534,0.1,3364.2,403.29
ORD0130,2023-09-14,Customer_47,South,Electronics,Keyboard,8,1142,0.05,8679.2,1780.15
ORD0131,2023-11-15,Customer_8,North,Furniture,Sofa,1,213,0.1,191.7,13.53
ORD0132,2023-03-28,Customer_32,South,Office Supplies,Stapler,3,119,0.05,339.15,83.36
ORD0133,2023-09-04,Customer_87,East,Office Supplies,Marker,8,74,0.0,592.0,59.66
ORD0134,2023-08-27,Customer_51,North,Office Supplies,Marker,8,63,0.0,504.0,82.6
ORD0135,2023-06-14,Customer_14,East,Office Supplies,Notebook,3,105,0.1,283.5,22.17
ORD0136,2023-05-31,Customer_19,West,Office Supplies,Notebook,7,83,0.0,581.0,127.6
ORD0137,2023-10-30,Customer_11,South,Electronics,Monitor,2,613,0.0,1226.0,214.49
ORD0138,2023-01-20,Customer_38,West,Office Supplies,Notebook,3,128,0.15,326.4,57.06
ORD0139,2023-12-21,Customer_86,West,Furniture,Office Chair,2,1176,0.15,1999.2,479.19
ORD0140,2023-04-25,Customer_9,West,Electronics,Headphones,8,158,0.0,1264.0,192.75
ORD0141,2023-09-03,Customer_4,South,Furniture,Table,9,1482,0.0,13338.0,2387.65
ORD0142,2023-03-16,Customer_85,South,Furniture,Table,2,1850,0.2,2960.0,634.97
ORD0143,2023-03-17,Customer_86,North,Electronics,Headphones,1,1800,0.0,1800.0,164.31
ORD0144,2023-09-25,Customer_53,East,Office Supplies,Pen,6,177,0.05,1008.9,178.19
ORD0145,2023-07-09,Customer_64,South,Furniture,Table,1,1021,0.2,816.8,125.61
ORD0146,2023-10-19,Customer_29,North,Furniture,Bookshelf,1,918,0.2,734.4,149.96
ORD0147,2023-10-22,Customer_54,South,Office Supplies,Stapler,4,122,0.1,439.2,75.58
ORD0148,2023-02-05,Customer_83,East,Office Supplies,Marker,8,42,0.05,319.2,50.42
ORD0149,2023-03-14,Customer_17,North,Office Supplies,Pen,2,163,0.05,309.7,20.14
ORD0150,2023-02-08,Customer_44,East,Electronics,Keyboard,8,141,0.0,1128.0,73.53
ORD0151,2023-11-01,Customer_74,North,Furniture,Desk,3,1736,0.15,4426.8,342.47
ORD0152,2023-03-22,Customer_80,South,Office Supplies,Pen,8,92,0.2,588.8,107.02
ORD0153,2023-12-31,Customer_32,South,Electronics,Headphones,9,1391,0.1,11267.1,2072.96
ORD0154,2023-03-27,Customer_14,East,Office Supplies,Pen,7,35,0.2,196.0,45.69
ORD0155,2023-11-11,Customer_82,East,Electronics,Laptop,3,787,0.05,2242.95,535.74
ORD0156,2023-04-13,Customer_31,West,Furniture,Sofa,7,1094,0.05,7275.1,417.6
ORD0157,2023-06-20,Customer_55,East,Office Supplies,Paper,2,140,0.2,224.0,26.43
ORD0158,2023-07-29,Customer_42,West,Office Supplies,Pen,4,102,0.0,408.0,62.85
ORD0159,2023-02-03,Customer_13,North,Furniture,Desk,7,838,0.05,5572.7,302.34
ORD0160,2023-01-29,Customer_93,South,Furniture,Bookshelf,7,913,0.15,5432.35,1105.14
ORD0161,2023-08-27,Customer_30,North,Electronics,Monitor,9,371,0.15,2838.15,367.99
ORD0162,2023-01-03,Customer_30,South,Office Supplies,Paper,5,74,0.0,370.0,53.08
ORD0163,2023-03-14,Customer_88,West,Furniture,Table,9,531,0.0,4779.0,343.58
ORD0164,2023-07-17,Customer_63,South,Office Supplies,Notebook,5,70,0.2,280.0,69.01
ORD0165,2023-09-17,Customer_20,North,Office Supplies,Marker,2,162,0.15,275.4,26.53
ORD0166,2023-04-17,Customer_90,North,Office Supplies,Marker,3,119,0.05,339.15,28.93
ORD0167,2023-09-18,Customer_87,North,Electronics,Headphones,3,1897,0.2,4552.8,801.09
ORD0168,2023-06-27,Customer_17,West,Electronics,Smartphone,4,1876,0.2,6003.2,889.9
ORD0169,2023-03-30,Customer_14,North,Office Supplies,Stapler,6,22,0.2,105.6,17.8
ORD0170,2023-05-03,Customer_9,East,Furniture,Bookshelf,9,1051,0.1,8513.1,646.17
ORD0171,2023-09-18,Customer_98,West,Electronics,Headphones,9,1586,0.0,14274.0,2812.59
ORD0172,2023-02-06,Customer_77,West,Office Supplies,Stapler,5,185,0.05,878.75,82.63
ORD0173,2023-08-12,Customer_58,East,Electronics,Keyboard,1,1237,0.2,989.6,151.62
ORD0174,2023-12-02,Customer_97,East,Furniture,Bookshelf,1,1385,0.1,1246.5,226.48
ORD0175,2023-12-22,Customer_38,West,Office Supplies,Pen,9,190,0.05,1624.5,282.21
ORD0176,2023-06-09,Customer_30,East,Office Supplies,Marker,9,40,0.05,342.0,40.02
ORD0177,2023-01-12,Customer_96,North,Office Supplies,Notebook,4,11,0.2,35.2,1.8
ORD0178,2023-12-26,Customer_60,West,Furniture,Bookshelf,1,1356,0.0,1356.0,138.26
ORD0179,2023-08-21,Customer_63,West,Electronics,Smartphone,6,566,0.05,3226.2,782.67
ORD0180,2023-08-30,Customer_64,North,Office Supplies,Marker,6,157,0.15,800.7,191.74
ORD0181,2023-04-30,Customer_50,South,Furniture,Office Chair,6,804,0.05,4582.8,271.07
ORD0182,2023-01-07,Customer_33,South,Office Supplies,Marker,4,189,0.2,604.8,38.18
ORD0183,2023-08-14,Customer_81,East,Office Supplies,Stapler,7,35,0.05,232.75,58.05
ORD0184,2023-06-06,Customer_32,South,Electronics,Laptop,7,1394,0.2,7806.4,856.17
ORD0185,2023-12-03,Customer_56,West,Office Supplies,Paper,6,36,0.1,194.4,47.17
ORD0186,2023-09-14,Customer_38,East,Electronics,Keyboard,5,183,0.1,823.5,94.0
ORD0187,2023-10-08,Customer_18,East,Furniture,Table,3,1955,0.0,5865.0,1131.86
ORD0188,2023-11-05,Customer_27,South,Office Supplies,Paper,9,154,0.2,1108.8,89.52
ORD0189,2023-06-30,Customer_3,West,Furniture,Sofa,7,486,0.2,2721.6,632.41
ORD0190,2023-12-06,Customer_38,West,Furniture,Office Chair,7,1396,0.15,8306.2,1130.15
ORD0191,2023-04-27,Customer_72,East,Electronics,Monitor,6,1113,0.2,5342.4,897.81
ORD0192,2023-11-16,Customer_95,South,Electronics,Laptop,8,1912,0.05,14531.2,1876.11
ORD0193,2023-04-12,Customer_11,South,Office Supplies,Marker,9,42,0.15,321.3,74.4
ORD0194,2023-02-15,Customer_80,South,Office Supplies,Pen,1,85,0.0,85.0,6.67
ORD0195,2023-08-30,Customer_2,North,Furniture,Sofa,4,772,0.05,2933.6,338.22
ORD0196,2023-06-03,Customer_66,South,Electronics,Laptop,1,688,0.15,584.8,75.66
ORD0197,2023-04-16,Customer_49,West,Office Supplies,Notebook,2,152,0.05,288.8,24.11
ORD0198,2023-09-19,Customer_95,West,Office Supplies,Marker,3,132,0.0,396.0,68.64
ORD0199,2023-12-14,Customer_62,East,Electronics,Headphones,8,1963,0.05,14918.8,3138.1
ORD0200,2023-01-22,Customer_3,East,Office Supplies,Stapler,4,141,0.05,535.8,75.26
ORD0201,2023-03-28,Customer_25,North,Electronics,Monitor,2,1113,0.15,1892.1,340.69
ORD0202,2023-06-22,Customer_53,East,Office Supplies,Notebook,3,64,0.15,163.2,14.1
ORD0203,2023-05-30,Customer_56,North,Office Supplies,Paper,2,155,0.1,279.0,32.49
ORD0204,2023-04-03,Customer_79,North,Office Supplies,Stapler,3,44,0.2,105.6,14.12
ORD0205,2023-06-08,Customer_24,West,Office Supplies,Paper,1,103,0.2,82.4,10.97
ORD0206,2023-06-26,Customer_36,South,Electronics,Monitor,4,1055,0.05,4009.0,612.57
ORD0207,2023-09-19,Customer_58,South,Electronics,Headphones,4,677,0.05,2572.6,465.65
ORD0208,2023-02-09,Customer_97,East,Electronics,Monitor,3,1360,0.05,3876.0,841.87
ORD0209,2023-01-14,Customer_37,North,Furniture,Sofa,7,1421,0.15,8454.95,2065.37
ORD0210,2023-04-21,Customer_89,West,Furniture,Table,9,417,0.15,3190.05,537.79
ORD0211,2023-06-12,Customer_65,West,Furniture,Office Chair,9,127,0.05,1085.85,196.92
ORD0212,2023-04-03,Customer_94,North,Electronics,Smartphone,3,729,0.05,2077.65,243.92
ORD0213,2023-01-01,Customer_84,West,Electronics,Keyboard,4,1899,0.1,6836.4,687.1
ORD0214,2023-07-23,Customer_44,West,Electronics,Smartphone,5,786,0.2,3144.0,455.65
ORD0215,2023-10-20,Customer_29,North,Office Supplies,Paper,4,123,0.05,467.4,110.92
ORD0216,2023-06-10,Customer_78,West,Office Supplies,Stapler,6,68,0.2,326.4,49.43
ORD0217,2023-10-26,Customer_89,South,Furniture,Sofa,5,341,0.1,1534.5,82.06
ORD0218,2023-06-27,Customer_38,West,Electronics,Laptop,7,1346,0.1,8479.8,1005.12
ORD0219,2023-08-22,Customer_8,South,Office Supplies,Marker,4,89,0.05,338.2,66.48
ORD0220,2023-12-18,Customer_86,East,Electronics,Laptop,7,1899,0.2,10634.4,1030.6
ORD0221,2023-04-24,Customer_26,West,Furniture,Office Chair,7,1242,0.05,8259.3,816.26
ORD0222,2023-10-16,Customer_31,West,Office Supplies,Pen,8,98,0.15,666.4,113.37
ORD0223,2023-08-08,Customer_64,South,Furniture,Table,5,460,0.05,2185.0,178.86
ORD0224,2023-06-25,Customer_77,East,Office Supplies,Pen,1,178,0.0,178.0,35.69
ORD0225,2023-04-12,Customer_19,South,Electronics,Smartphone,4,1733,0.2,5545.6,640.0
ORD0226,2023-12-31,Customer_88,South,Furniture,Desk,9,1402,0.1,11356.2,2425.31
ORD0227,2023-03-17,Customer_15,North,Furniture,Office Chair,5,1778,0.0,8890.0,1528.78
ORD0228,2023-08-12,Customer_44,South,Office Supplies,Paper,9,170,0.0,1530.0,190.72
ORD0229,2023-09-22,Customer_26,West,Furniture,Bookshelf,3,1067,0.05,3040.95,383.03
ORD0230,2023-06-02,Customer_98,West,Furniture,Sofa,5,1344,0.05,6384.0,804.63
ORD0231,2023-12-09,Customer_43,North,Electronics,Monitor,4,882,0.1,3175.2,675.04
ORD0232,2023-05-04,Customer_36,East,Electronics,Smartphone,7,435,0.2,2436.0,586.91
ORD0233,2023-10-17,Customer_68,West,Office Supplies,Paper,5,150,0.1,675.0,56.2
ORD0234,2023-06-07,Customer_49,North,Electronics,Monitor,3,1771,0.05,5047.35,975.3
ORD0235,2023-03-15,Customer_31,East,Furniture,Office Chair,7,1474,0.15,8770.3,1841.38
ORD0236,2023-09-20,Customer_44,West,Office Supplies,Pen,8,45,0.15,306.0,65.22
ORD0237,2023-08-02,Customer_26,North,Electronics,Headphones,7,1241,0.2,6949.6,1172.45
ORD0238,2023-05-05,Customer_24,West,Office Supplies,Notebook,8,131,0.0,1048.0,242.27
ORD0239,2023-06-01,Customer_60,East,Electronics,Headphones,5,1703,0.05,8089.25,1735.33
ORD0240,2023-08-30,Customer_49,East,Furniture,Office Chair,2,1014,0.15,1723.8,138.93
ORD0241,2023-05-30,Customer_15,East,Furniture,Office Chair,7,760,0.0,5320.0,291.15
ORD0242,2023-09-11,Customer_64,East,Office Supplies,Stapler,9,87,0.2,626.4,49.08
ORD0243,2023-05-05,Customer_75,East,Office Supplies,Marker,2,76,0.05,144.4,27.94
ORD0244,2023-10-15,Customer_36,West,Furniture,Bookshelf,4,1341,0.05,5095.8,534.2
ORD0245,2023-03-11,Customer_68,North,Electronics,Laptop,4,172,0.0,688.0,83.25
ORD0246,2023-01-27,Customer_8,South,Electronics,Monitor,2,1055,0.2,1688.0,300.52
ORD0247,2023-02-27,Customer_70,South,Furniture,Bookshelf,6,1935,0.2,9288.0,1082.98
ORD0248,2023-10-18,Customer_30,West,Office Supplies,Paper,2,111,0.0,222.0,43.54
ORD0249,2023-10-14,Customer_55,West,Furniture,Sofa,4,552,0.2,1766.4,354.99
ORD0250,2023-05-25,Customer_8,West,Furniture,Office Chair,7,1011,0.15,6015.45,662.73
ORD0251,2023-04-14,Customer_84,West,Office Supplies,Marker,7,101,0.1,636.3,34.36
ORD0252,2023-08-19,Customer_16,West,Electronics,Laptop,5,1207,0.05,5733.25,1278.15
ORD0253,2023-05-31,Customer_66,North,Furniture,Sofa,2,608,0.15,1033.6,106.07
ORD0254,2023-11-27,Customer_62,East,Electronics,Headphones,9,1068,0.0,9612.0,2067.13
ORD0255,2023-05-23,Customer_12,East,Furniture,Sofa,2,410,0.1,738.0,183.34
ORD0256,2023-10-18,Customer_30,South,Electronics,Headphones,6,693,0.2,3326.4,614.92
ORD0257,2023-06-12,Customer_2,East,Furniture,Bookshelf,7,1047,0.0,7329.0,620.8
ORD0258,2023-01-25,Customer_54,North,Furniture,Sofa,2,1891,0.05,3592.9,592.95
ORD0259,2023-01-25,Customer_98,West,Office Supplies,Pen,6,134,0.15,683.4,125.24
ORD0260,2023-06-22,Customer_32,West,Electronics,Headphones,4,636,0.15,2162.4,345.78
ORD0261,2023-06-09,Customer_2,West,Electronics,Monitor,2,1088,0.15,1849.6,172.4
ORD0262,2023-09-23,Customer_11,South,Office Supplies,Stapler,3,14,0.1,37.8,3.49
ORD0263,2023-04-09,Customer_28,South,Electronics,Laptop,7,182,0.0,1274.0,82.72
ORD0264,2023-04-07,Customer_40,North,Furniture,Bookshelf,7,1203,0.15,7157.85,1087.17
ORD0265,2023-05-04,Customer_50,East,Electronics,Monitor,4,1344,0.15,4569.6,1003.5
ORD0266,2023-04-02,Customer_71,North,Electronics,Monitor,3,618,0.1,1668.6,244.16
ORD0267,2023-09-03,Customer_21,South,Electronics,Keyboard,7,485,0.1,3055.5,635.75
ORD0268,2023-03-06,Customer_90,South,Office Supplies,Notebook,8,176,0.2,1126.4,129.2
ORD0269,2023-06-22,Customer_81,East,Electronics,Keyboard,5,437,0.2,1748.0,102.3
ORD0270,2023-10-09,Customer_34,West,Electronics,Monitor,5,407,0.2,1628.0,122.82
ORD0271,2023-02-11,Customer_13,North,Furniture,Bookshelf,9,1856,0.15,14198.4,2939.12
ORD0272,2023-05-09,Customer_48,North,Electronics,Laptop,8,492,0.0,3936.0,833.55
ORD0273,2023-08-20,Customer_75,East,Electronics,Headphones,2,1949,0.15,3313.3,471.47
ORD0274,2023-03-20,Customer_87,West,Furniture,Bookshelf,6,299,0.0,1794.0,408.81
ORD0275,2023-03-28,Customer_77,West,Electronics,Smartphone,5,1539,0.15,6540.75,1216.88
ORD0276,2023-06-01,Customer_20,North,Electronics,Smartphone,1,1744,0.1,1569.6,89.65
ORD0277,2023-01-28,Customer_58,North,Furniture,Sofa,4,498,0.1,1792.8,216.87
ORD0278,2023-12-03,Customer_25,North,Electronics,Headphones,6,1746,0.15,8904.6,971.39
ORD0279,2023-11-20,Customer_41,North,Furniture,Desk,3,1684,0.15,4294.2,880.0
ORD0280,2023-12-13,Customer_13,North,Furniture,Desk,5,1799,0.15,7645.75,1880.81
ORD0281,2023-09-28,Customer_18,East,Office Supplies,Paper,2,20,0.05,38.0,2.74
ORD0282,2023-04-24,Customer_30,West,Electronics,Laptop,8,1950,0.15,13260.0,3164.04
ORD0283,2023-05-02,Customer_39,North,Electronics,Monitor,3,785,0.0,2355.0,502.06
ORD0284,2023-05-06,Customer_7,East,Electronics,Headphones,5,1520,0.2,6080.0,1327.87
ORD0285,2023-10-12,Customer_2,North,Office Supplies,Stapler,9,31,0.15,237.15,46.38
ORD0286,2023-03-29,Customer_22,East,Electronics,Monitor,2,1730,0.1,3114.0,368.94
ORD0287,2023-07-10,Customer_23,North,Electronics,Keyboard,1,795,0.1,715.5,50.93
ORD0288,2023-04-21,Customer_58,West,Furniture,Sofa,9,1251,0.2,9007.2,740.12
ORD0289,2023-04-14,Customer_64,South,Electronics,Monitor,5,614,0.0,3070.0,272.59
ORD0290,2023-10-29,Customer_27,South,Furniture,Bookshelf,9,1133,0.2,8157.6,1412.87
ORD0291,2023-03-27,Customer_58,South,Electronics,Keyboard,9,599,0.15,4582.35,1006.33
ORD0292,2023-01-20,Customer_95,East,Electronics,Laptop,2,1560,0.0,3120.0,360.01
ORD0293,2023-04-21,Customer_20,South,Furniture,Bookshelf,5,797,0.15,3387.25,473.27
ORD0294,2023-11-06,Customer_21,South,Furniture,Bookshelf,5,1865,0.2,7460.0,1410.86
ORD0295,2023-09-30,Customer_4,North,Furniture,Sofa,9,1040,0.15,7956.0,1333.75
ORD0296,2023-02-24,Customer_24,South,Furniture,Bookshelf,8,1864,0.05,14166.4,2699.96
ORD0297,2023-03-01,Customer_63,South,Furniture,Desk,3,258,0.15,657.9,75.28
ORD0298,2023-07-11,Customer_45,West,Office Supplies,Marker,6,126,0.15,642.6,99.0
ORD0299,2023-11-15,Customer_92,East,Furniture,Office Chair,7,580,0.05,3857.0,363.03
ORD0300,2023-06-10,Customer_4,West,Office Supplies,Stapler,9,127,0.2,914.4,122.76
ORD0301,2023-03-16,Customer_90,West,Office Supplies,Stapler,6,56,0.15,285.6,56.55
ORD0302,2023-02-19,Customer_94,South,Electronics,Laptop,4,1696,0.05,6444.8,535.3
ORD0303,2023-12-31,Customer_19,South,Furniture,Table,6,1972,0.1,10648.8,2199.15
ORD0304,2023-11-16,Customer_49,North,Office Supplies,Notebook,3,78,0.2,187.2,16.33
ORD0305,2023-09-17,Customer_39,South,Furniture,Table,4,1705,0.05,6479.0,388.54
ORD0306,2023-11-22,Customer_46,West,Office Supplies,Pen,8,66,0.15,448.8,27.58
ORD0307,2023-08-01,Customer_30,South,Electronics,Monitor,8,1084,0.15,7371.2,470.22
ORD0308,2023-12-02,Customer_95,South,Office Supplies,Stapler,7,23,0.05,152.95,19.0
ORD0309,2023-10-28,Customer_84,South,Electronics,Keyboard,6,1679,0.0,10074.0,2222.5
ORD0310,2023-06-27,Customer_7,South,Furniture,Bookshelf,9,1656,0.15,12668.4,1675.0
ORD0311,2023-06-03,Customer_14,North,Office Supplies,Notebook,8,157,0.2,1004.8,134.4
ORD0312,2023-05-11,Customer_37,West,Electronics,Headphones,5,1205,0.2,4820.0,940.05
ORD0313,2023-06-10,Customer_68,East,Electronics,Smartphone,3,1980,0.2,4752.0,381.34
ORD0314,2023-03-22,Customer_61,South,Furniture,Office Chair,7,697,0.0,4879.0,1200.74
ORD0315,2023-01-17,Customer_70,South,Furniture,Bookshelf,9,522,0.0,4698.0,810.78
ORD0316,2023-01-22,Customer_66,South,Electronics,Headphones,5,1640,0.05,7790.0,1713.76
ORD0317,2023-12-10,Customer_38,West,Furniture,Bookshelf,7,1209,0.15,7193.55,1491.9
ORD0318,2023-02-01,Customer_20,South,Office Supplies,Notebook,3,72,0.0,216.0,21.97
ORD0319,2023-03-20,Customer_92,South,Office Supplies,Paper,4,152,0.2,486.4,109.89
ORD0320,2023-10-11,Customer_63,South,Office Supplies,Marker,9,177,0.05,1513.35,309.33
ORD0321,2023-02-11,Customer_6,East,Electronics,Smartphone,8,1167,0.0,9336.0,1396.32
ORD0322,2023-07-16,Customer_12,South,Office Supplies,Pen,2,180,0.1,324.0,78.7
ORD0323,2023-02-16,Customer_82,South,Electronics,Monitor,5,1720,0.0,8600.0,766.85
ORD0324,2023-12-31,Customer_40,South,Furniture,Sofa,2,874,0.1,1573.2,363.77
ORD0325,2023-06-25,Customer_4,South,Electronics,Monitor,1,1114,0.2,891.2,71.67
ORD0326,2023-10-29,Customer_1,East,Furniture,Bookshelf,9,1647,0.1,13340.7,1519.95
ORD0327,2023-06-11,Customer_95,East,Electronics,Keyboard,5,769,0.2,3076.0,255.9
ORD0328,2023-12-19,Customer_20,South,Office Supplies,Stapler,5,34,0.1,153.0,8.55
ORD0329,2023-09-22,Customer_50,South,Furniture,Table,3,800,0.15,2040.0,436.18
ORD0330,2023-12-30,Customer_85,West,Office Supplies,Paper,9,148,0.05,1265.4,179.5
ORD0331,2023-07-09,Customer_35,West,Furniture,Bookshelf,5,255,0.05,1211.25,234.76
ORD0332,2023-11-10,Customer_23,West,Furniture,Office Chair,3,1042,0.05,2969.7,513.03
ORD0333,2023-12-16,Customer_35,North,Furniture,Office Chair,5,719,0.1,3235.5,795.35
ORD0334,2023-02-16,Customer_73,West,Electronics,Headphones,2,582,0.15,989.4,84.08
ORD0335,2023-10-30,Customer_63,North,Electronics,Smartphone,4,541,0.0,2164.0,240.34
ORD0336,2023-05-22,Customer_17,East,Office Supplies,Pen,5,190,0.15,807.5,186.31
ORD0337,2023-05-14,Customer_23,East,Electronics,Smartphone,2,1238,0.0,2476.0,455.95
ORD0338,2023-11-24,Customer_19,South,Office Supplies,Notebook,8,55,0.15,374.0,28.34
ORD0339,2023-12-10,Customer_87,South,Office Supplies,Stapler,4,122,0.0,488.0,27.05
ORD0340,2023-10-02,Customer_84,North,Electronics,Smartphone,3,998,0.05,2844.3,600.09
ORD0341,2023-10-02,Customer_14,West,Office Supplies,Pen,7,130,0.15,773.5,173.69
ORD0342,2023-10-13,Customer_33,West,Furniture,Table,4,1035,0.0,4140.0,245.19
ORD0343,2023-11-30,Customer_68,East,Electronics,Smartphone,5,1862,0.0,9310.0,1849.33
ORD0344,2023-03-03,Customer_30,West,Furniture,Office Chair,6,1755,0.2,8424.0,1759.91
ORD0345,2023-10-31,Customer_67,West,Office Supplies,Stapler,2,158,0.2,252.8,54.67
ORD0346,2023-11-20,Customer_98,West,Electronics,Keyboard,9,1568,0.0,14112.0,3157.0
ORD0347,2023-03-17,Customer_15,North,Electronics,Keyboard,7,1554,0.15,9246.3,1321.17
ORD0348,2023-11-03,Customer_29,East,Office Supplies,Notebook,4,102,0.2,326.4,45.39
ORD0349,2023-03-08,Customer_66,West,Office Supplies,Paper,4,159,0.15,540.6,97.55
ORD0350,2023-03-13,Customer_6,South,Furniture,Bookshelf,7,1484,0.0,10388.0,1836.81
ORD0351,2023-09-19,Customer_8,East,Electronics,Headphones,1,672,0.15,571.2,33.77
ORD0352,2023-08-29,Customer_14,East,Furniture,Office Chair,9,192,0.2,1382.4,241.23
ORD0353,2023-07-08,Customer_46,North,Electronics,Monitor,8,1812,0.2,11596.8,592.61
ORD0354,2023-03-31,Customer_49,West,Furniture,Bookshelf,4,991,0.0,3964.0,565.15
ORD0355,2023-09-22,Customer_49,North,Furniture,Desk,6,481,0.0,2886.0,615.69
ORD0356,2023-02-08,Customer_11,South,Electronics,Keyboard,3,1694,0.0,5082.0,755.74
ORD0357,2023-01-19,Customer_72,North,Office Supplies,Stapler,1,177,0.15,150.45,19.89
ORD0358,2023-04-13,Customer_69,West,Electronics,Keyboard,1,1424,0.05,1352.8,325.76
ORD0359,2023-08-03,Customer_84,South,Electronics,Smartphone,7,1793,0.2,10040.8,583.49
ORD0360,2023-05-07,Customer_19,East,Furniture,Desk,4,1089,0.0,4356.0,795.11
ORD0361,2023-09-15,Customer_74,South,Electronics,Laptop,3,754,0.0,2262.0,415.56
ORD0362,2023-02-08,Customer_84,South,Office Supplies,Stapler,2,60,0.0,120.0,26.97
ORD0363,2023-12-16,Customer_81,North,Office Supplies,Marker,2,102,0.1,183.6,14.4
ORD0364,2023-11-07,Customer_90,North,Furniture,Sofa,3,334,0.0,1002.0,165.77
ORD0365,2023-10-21,Customer_54,East,Electronics,Laptop,9,1402,0.0,12618.0,2764.87
ORD0366,2023-05-02,Customer_98,West,Furniture,Sofa,3,1552,0.0,4656.0,782.47
ORD0367,2023-02-17,Customer_57,South,Office Supplies,Stapler,9,72,0.1,583.2,30.6
ORD0368,2023-01-07,Customer_56,North,Electronics,Headphones,8,1791,0.2,11462.4,900.01
ORD0369,2023-05-06,Customer_38,West,Electronics,Monitor,3,1792,0.05,5107.2,864.13
ORD0370,2023-11-17,Customer_50,North,Electronics,Headphones,4,1563,0.15,5314.2,377.58
ORD0371,2023-09-17,Customer_46,South,Furniture,Bookshelf,3,174,0.2,417.6,29.17
ORD0372,2023-05-05,Customer_30,South,Office Supplies,Stapler,3,59,0.1,159.3,22.57
ORD0373,2023-12-23,Customer_6,West,Electronics,Headphones,5,269,0.15,1143.25,165.54
ORD0374,2023-03-18,Customer_17,North,Furniture,Sofa,9,468,0.2,3369.6,577.47
ORD0375,2023-11-01,Customer_86,North,Furniture,Sofa,5,1288,0.0,6440.0,1007.55
ORD0376,2023-04-19,Customer_85,South,Office Supplies,Stapler,3,51,0.05,145.35,12.93
ORD0377,2023-12-25,Customer_1,West,Office Supplies,Paper,5,53,0.1,238.5,37.91
ORD0378,2023-05-19,Customer_17,East,Office Supplies,Marker,3,150,0.05,427.5,39.1
ORD0379,2023-06-14,Customer_8,West,Furniture,Office Chair,8,861,0.1,6199.2,1216.06
ORD0380,2023-03-05,Customer_98,East,Electronics,Laptop,5,263,0.1,1183.5,199.54
ORD0381,2023-01-05,Customer_20,North,Furniture,Table,6,1784,0.1,9633.6,2011.9
ORD0382,2023-05-27,Customer_52,West,Furniture,Desk,6,1652,0.1,8920.8,1361.14
ORD0383,2023-08-04,Customer_27,East,Furniture,Desk,4,1225,0.1,4410.0,609.66
ORD0384,2023-08-07,Customer_51,East,Electronics,Smartphone,2,1588,0.1,2858.4,375.93
ORD0385,2023-02-17,Customer_72,West,Office Supplies,Paper,7,118,0.1,743.4,185.27
ORD0386,2023-12-18,Customer_63,South,Electronics,Laptop,1,980,0.0,980.0,96.11
ORD0387,2023-10-14,Customer_96,South,Office Supplies,Stapler,5,22,0.2,88.0,17.32
ORD0388,2023-10-25,Customer_21,West,Electronics,Smartphone,3,1689,0.05,4813.65,849.65
ORD0389,2023-08-10,Customer_19,South,Furniture,Office Chair,8,1670,0.0,13360.0,691.68
ORD0390,2023-03-06,Customer_37,North,Furniture,Office Chair,8,1450,0.1,10440.0,1235.64
ORD0391,2023-07-07,Customer_1,West,Office Supplies,Marker,8,145,0.2,928.0,168.63
ORD0392,2023-10-17,Customer_4,South,Office Supplies,Notebook,8,32,0.0,256.0,16.78
ORD0393,2023-07-07,Customer_96,South,Office Supplies,Stapler,3,81,0.1,218.7,36.17
ORD0394,2023-05-25,Customer_16,South,Electronics,Keyboard,3,1246,0.05,3551.1,533.11
ORD0395,2023-10-17,Customer_8,East,Furniture,Desk,8,210,0.15,1428.0,151.65
ORD0396,2023-10-22,Customer_30,North,Furniture,Bookshelf,6,832,0.2,3993.6,380.21
ORD0397,2023-11-09,Customer_31,North,Electronics,Keyboard,3,1176,0.1,3175.2,641.14
ORD0398,2023-05-28,Customer_14,South,Office Supplies,Notebook,4,63,0.15,214.2,39.95
ORD0399,2023-07-24,Customer_8,South,Furniture,Sofa,5,507,0.15,2154.75,502.83
ORD0400,2023-12-27,Customer_79,North,Office Supplies,Notebook,2,107,0.1,192.6,38.47
ORD0401,2023-12-09,Customer_8,North,Office Supplies,Pen,2,105,0.0,210.0,35.0
ORD0402,2023-06-05,Customer_65,East,Furniture,Table,9,1955,0.2,14076.0,990.65
ORD0403,2023-04-10,Customer_51,North,Office Supplies,Pen,2,181,0.15,307.7,71.21
ORD0404,2023-06-28,Customer_58,East,Office Supplies,Pen,6,121,0.15,617.1,41.88
ORD0405,2023-08-05,Customer_10,East,Furniture,Table,1,1951,0.1,1755.9,334.98
ORD0406,2023-01-24,Customer_17,West,Office Supplies,Marker,5,22,0.2,88.0,17.79
ORD0407,2023-07-30,Customer_42,North,Office Supplies,Pen,9,30,0.15,229.5,41.04
ORD0408,2023-09-13,Customer_71,North,Electronics,Monitor,9,1478,0.05,12636.9,1563.71
ORD0409,2023-01-31,Customer_9,North,Electronics,Headphones,5,496,0.15,2108.0,408.81
ORD0410,2023-04-10,Customer_45,North,Furniture,Bookshelf,6,1051,0.0,6306.0,1170.16
ORD0411,2023-10-01,Customer_70,West,Furniture,Office Chair,8,875,0.15,5950.0,1174.64
ORD0412,2023-12-22,Customer_99,North,Electronics,Monitor,8,921,0.0,7368.0,494.16
ORD0413,2023-02-22,Customer_53,South,Electronics,Laptop,6,153,0.05,872.1,90.28
ORD0414,2023-12-03,Customer_10,East,Furniture,Table,5,1225,0.05,5818.75,435.67
ORD0415,2023-07-01,Customer_29,East,Electronics,Smartphone,6,116,0.15,591.6,61.13
ORD0416,2023-04-29,Customer_47,North,Electronics,Monitor,6,1956,0.15,9975.6,2042.99
ORD0417,2023-07-06,Customer_34,North,Furniture,Sofa,6,1816,0.05,10351.2,1309.59
ORD0418,2023-01-07,Customer_12,West,Furniture,Table,9,132,0.05,1128.6,135.0
ORD0419,2023-04-21,Customer_32,East,Office Supplies,Marker,4,144,0.15,489.6,90.63
ORD0420,2023-08-02,Customer_67,North,Electronics,Laptop,8,1579,0.2,10105.6,813.15
ORD0421,2023-07-24,Customer_87,West,Electronics,Keyboard,2,1349,0.15,2293.3,457.49
ORD0422,2023-11-08,Customer_50,East,Furniture,Sofa,8,492,0.2,3148.8,781.74
ORD0423,2023-03-31,Customer_57,South,Office Supplies,Paper,6,26,0.1,140.4,12.52
ORD0424,2023-06-30,Customer_68,East,Electronics,Headphones,3,366,0.2,878.4,136.55
ORD0425,2023-04-12,Customer_60,North,Office Supplies,Paper,1,58,0.15,49.3,5.33
ORD0426,2023-01-05,Customer_75,West,Office Supplies,Pen,2,35,0.0,70.0,10.46
ORD0427,2023-08-14,Customer_61,South,Furniture,Office Chair,2,521,0.1,937.8,92.26
ORD0428,2023-03-19,Customer_13,East,Electronics,Keyboard,6,1417,0.05,8076.9,1286.77
ORD0429,2023-08-23,Customer_81,West,Furniture,Bookshelf,6,1216,0.15,6201.6,1146.49
ORD0430,2023-03-11,Customer_68,East,Office Supplies,Marker,2,20,0.15,34.0,2.44
ORD0431,2023-12-23,Customer_19,East,Office Supplies,Notebook,9,85,0.1,688.5,94.6
ORD0432,2023-10-12,Customer_98,North,Office Supplies,Notebook,6,13,0.15,66.3,15.35
ORD0433,2023-09-04,Customer_8,South,Office Supplies,Stapler,5,89,0.05,422.75,54.35
ORD0434,2023-03-25,Customer_86,North,Office Supplies,Pen,7,90,0.1,567.0,92.43
ORD0435,2023-02-05,Customer_28,South,Furniture,Sofa,9,520,0.05,4446.0,539.77
ORD0436,2023-12-26,Customer_72,West,Office Supplies,Stapler,5,179,0.15,760.75,167.07
ORD0437,2023-12-30,Customer_10,West,Office Supplies,Marker,9,102,0.1,826.2,150.77
ORD0438,2023-06-09,Customer_71,North,Electronics,Smartphone,2,1622,0.0,3244.0,494.85
ORD0439,2023-04-09,Customer_91,South,Office Supplies,Paper,4,126,0.1,453.6,108.95
ORD0440,2023-12-15,Customer_91,South,Furniture,Office Chair,2,784,0.15,1332.8,217.0
ORD0441,2023-12-31,Customer_87,South,Electronics,Headphones,1,1181,0.05,1121.95,274.74
ORD0442,2023-07-12,Customer_98,West,Office Supplies,Stapler,9,114,0.2,820.8,69.8
ORD0443,2023-11-08,Customer_99,West,Electronics,Laptop,4,808,0.1,2908.8,482.91
ORD0444,2023-07-18,Customer_71,South,Furniture,Bookshelf,3,1232,0.15,3141.6,718.86
ORD0445,2023-03-25,Customer_93,West,Electronics,Keyboard,4,890,0.05,3382.0,505.64
ORD0446,2023-11-20,Customer_99,North,Electronics,Smartphone,7,1681,0.15,10001.95,1090.7
ORD0447,2023-06-13,Customer_24,West,Electronics,Smartphone,8,1406,0.2,8998.4,1698.21
ORD0448,2023-06-30,Customer_23,North,Furniture,Sofa,3,389,0.0,1167.0,124.28
ORD0449,2023-09-06,Customer_70,North,Electronics,Keyboard,9,924,0.2,6652.8,414.24
ORD0450,2023-11-13,Customer_51,South,Electronics,Headphones,8,490,0.2,3136.0,431.19
ORD0451,2023-12-09,Customer_30,South,Office Supplies,Paper,6,173,0.0,1038.0,178.46
ORD0452,2023-02-16,Customer_39,West,Electronics,Laptop,3,305,0.0,915.0,193.37
ORD0453,2023-09-29,Customer_31,South,Furniture,Table,6,760,0.0,4560.0,299.55
ORD0454,2023-05-19,Customer_86,North,Furniture,Bookshelf,2,866,0.0,1732.0,304.29
ORD0455,2023-05-03,Customer_65,East,Electronics,Monitor,4,1234,0.0,4936.0,996.09
ORD0456,2023-03-29,Customer_15,West,Electronics,Smartphone,4,1204,0.0,4816.0,393.97
ORD0457,2023-06-16,Customer_57,North,Office Supplies,Stapler,6,10,0.05,57.0,12.55
ORD0458,2023-05-21,Customer_84,West,Furniture,Bookshelf,9,576,0.0,5184.0,480.45
ORD0459,2023-03-17,Customer_55,West,Electronics,Smartphone,1,1698,0.0,1698.0,312.79
ORD0460,2023-02-01,Customer_68,South,Electronics,Laptop,3,1597,0.15,4072.35,519.01
ORD0461,2023-10-16,Customer_61,East,Electronics,Smartphone,4,1542,0.05,5859.6,1430.04
ORD0462,2023-06-17,Customer_65,North,Office Supplies,Marker,3,143,0.0,429.0,25.88
ORD0463,2023-03-21,Customer_74,North,Office Supplies,Marker,3,156,0.15,397.8,30.37
ORD0464,2023-11-09,Customer_7,South,Office Supplies,Paper,7,11,0.1,69.3,14.51
ORD0465,2023-06-28,Customer_80,West,Office Supplies,Stapler,2,25,0.1,45.0,2.36
ORD0466,2023-10-10,Customer_6,North,Electronics,Laptop,5,430,0.2,1720.0,227.61
ORD0467,2023-02-02,Customer_19,South,Electronics,Laptop,5,217,0.1,976.5,104.63
ORD0468,2023-10-16,Customer_54,East,Electronics,Smartphone,2,658,0.15,1118.6,199.5
ORD0469,2023-10-07,Customer_74,North,Office Supplies,Stapler,6,157,0.2,753.6,79.33
ORD0470,2023-11-21,Customer_41,North,Electronics,Headphones,1,421,0.05,399.95,98.3
ORD0471,2023-08-07,Customer_71,East,Furniture,Desk,4,524,0.0,2096.0,322.66
ORD0472,2023-07-27,Customer_24,South,Office Supplies,Notebook,2,98,0.1,176.4,31.07
ORD0473,2023-06-06,Customer_20,East,Furniture,Desk,7,1418,0.1,8933.4,2100.28
ORD0474,2023-11-18,Customer_34,South,Electronics,Monitor,3,695,0.1,1876.5,194.18
ORD0475,2023-04-10,Customer_2,North,Office Supplies,Stapler,9,105,0.0,945.0,94.41
ORD0476,2023-03-20,Customer_51,West,Electronics,Smartphone,9,365,0.2,2628.0,243.4
ORD0477,2023-04-08,Customer_28,North,Electronics,Smartphone,8,1913,0.15,13008.4,1622.29
ORD0478,2023-05-17,Customer_1,South,Electronics,Keyboard,4,1130,0.0,4520.0,633.03
ORD0479,2023-11-26,Customer_54,South,Electronics,Keyboard,6,275,0.0,1650.0,85.25
ORD0480,2023-09-28,Customer_73,East,Office Supplies,Paper,5,136,0.0,680.0,145.15
ORD0481,2023-02-12,Customer_42,South,Furniture,Bookshelf,8,959,0.0,7672.0,1362.07
ORD0482,2023-02-16,Customer_97,North,Electronics,Laptop,5,250,0.15,1062.5,59.39
ORD0483,2023-03-02,Customer_62,South,Furniture,Table,2,395,0.1,711.0,95.95
ORD0484,2023-12-04,Customer_19,West,Electronics,Smartphone,2,1729,0.05,3285.1,693.22
ORD0485,2023-12-24,Customer_91,South,Office Supplies,Marker,8,183,0.1,1317.6,261.64
ORD0486,2023-04-17,Customer_60,West,Office Supplies,Notebook,1,82,0.2,65.6,10.34
ORD0487,2023-12-07,Customer_58,East,Electronics,Keyboard,9,1973,0.1,15981.3,2113.81
ORD0488,2023-04-24,Customer_37,East,Office Supplies,Paper,6,177,0.15,902.7,162.36
ORD0489,2023-07-05,Customer_4,South,Furniture,Desk,6,611,0.1,3299.4,179.43
ORD0490,2023-07-26,Customer_3,South,Office Supplies,Marker,6,97,0.15,494.7,52.54
ORD0491,2023-05-13,Customer_92,North,Furniture,Desk,9,1508,0.2,10857.6,2250.83
ORD0492,2023-03-10,Customer_12,West,Furniture,Bookshelf,4,1718,0.1,6184.8,319.09
ORD0493,2023-03-02,Customer_52,West,Office Supplies,Notebook,7,162,0.2,907.2,109.55
ORD0494,2023-02-05,Customer_49,South,Electronics,Keyboard,7,1937,0.2,10847.2,1913.92
ORD0495,2023-05-17,Customer_35,East,Furniture,Office Chair,1,1336,0.2,1068.8,70.04
ORD0496,2023-03-28,Customer_87,West,Furniture,Office Chair,6,360,0.05,2052.0,446.48
ORD0497,2023-03-28,Customer_46,West,Office Supplies,Pen,6,38,0.2,182.4,15.66
ORD0498,2023-05-14,Customer_94,South,Office Supplies,Marker,1,113,0.2,90.4,18.79
ORD0499,2023-05-02,Customer_36,South,Furniture,Office Chair,1,737,0.1,663.3,80.16
ORD0500,2023-04-28,Customer_28,West,Electronics,Headphones,7,346,0.1,2179.8,204.71
